<?xml version="1.0" encoding="utf-8" standalone="yes"?>
<rss version="2.0" xmlns:atom="http://www.w3.org/2005/Atom">
  <channel>
    <title>Harm Reduction on DNM Bible</title>
    <link>http://biblemeowimkh3utujmhm6oh2oeb3ubjw2lpgeq3lahrfr2l6ev6zgyd.onion/bible/harm-reduction/</link>
    <description>Recent content in Harm Reduction on DNM Bible</description>
    <generator>Hugo -- gohugo.io</generator>
    <language>en-us</language>
    
	<atom:link href="http://biblemeowimkh3utujmhm6oh2oeb3ubjw2lpgeq3lahrfr2l6ev6zgyd.onion/bible/harm-reduction/index.xml" rel="self" type="application/rss+xml" />
    
    
    <item>
      <title>Resources</title>
      <link>http://biblemeowimkh3utujmhm6oh2oeb3ubjw2lpgeq3lahrfr2l6ev6zgyd.onion/bible/harm-reduction/resources/</link>
      <pubDate>Mon, 01 Jan 0001 00:00:00 +0000</pubDate>
      
      <guid>http://biblemeowimkh3utujmhm6oh2oeb3ubjw2lpgeq3lahrfr2l6ev6zgyd.onion/bible/harm-reduction/resources/</guid>
      <description>Resources Take some time to read though some of these resources. You can learn about just about any drug, the science behind them, get questions from real experts. Or if you just need someone to help you through a bad trip. All of it can be found on here.
Doses and recovery position If this is your first time trying a new drug, or if you don&amp;rsquo;t have a tolerance anymore.</description>
    </item>
    
    <item>
      <title>Labs</title>
      <link>http://biblemeowimkh3utujmhm6oh2oeb3ubjw2lpgeq3lahrfr2l6ev6zgyd.onion/bible/harm-reduction/labs/</link>
      <pubDate>Mon, 01 Jan 0001 00:00:00 +0000</pubDate>
      
      <guid>http://biblemeowimkh3utujmhm6oh2oeb3ubjw2lpgeq3lahrfr2l6ev6zgyd.onion/bible/harm-reduction/labs/</guid>
      <description>Labs On this page you can find some labs and drug test results. Want to know the exact breakdown of what&amp;rsquo;s in your goodies? Then this is the resource for you. If you&amp;rsquo;re buying bulk, or planning to resell please especially take the time to get a lab test done so you don&amp;rsquo;t go accidentally killing someone!  Energy Control International https://energycontrol-international.org/
We are a group of like minded people regardless of whether we are drug users or not, concerned about the problems related to drug use in recreational settings and in society.</description>
    </item>
    
    <item>
      <title>Suicide Hotlines</title>
      <link>http://biblemeowimkh3utujmhm6oh2oeb3ubjw2lpgeq3lahrfr2l6ev6zgyd.onion/bible/harm-reduction/suicide_numbers/</link>
      <pubDate>Mon, 01 Jan 0001 00:00:00 +0000</pubDate>
      
      <guid>http://biblemeowimkh3utujmhm6oh2oeb3ubjw2lpgeq3lahrfr2l6ev6zgyd.onion/bible/harm-reduction/suicide_numbers/</guid>
      <description>Suicide Hotlines We all have shitty times in our lives. If you are in need of real help, or just need someone to talk to, please try calling one of these numbers.
This list is from https://www.reddit.com/r/SuicideWatch/wiki/hotlines
Argentina Centro de Asistencia al Suicida: https://www.casbuenosaires.com.ar/ayuda 135 (CABA &amp;amp; GBA), (011)5275-1135 (Todo El País/Nationwide)
Australia 13 11 14 https://www.lifeline.org.au/crisis-chat/
Austria 142, Youth 147 Online: http://www.onlineberatung-telefonseelsorge.at
Belgium Dutch: 1813 https://www.zelfmoord1813.be/ French: 0800 32 123 http://www.</description>
    </item>
    
  </channel>
</rss>