<?xml version="1.0" encoding="utf-8" standalone="yes"?>
<rss version="2.0" xmlns:atom="http://www.w3.org/2005/Atom">
  <channel>
    <title>Converting on DNM Bible</title>
    <link>http://biblemeowimkh3utujmhm6oh2oeb3ubjw2lpgeq3lahrfr2l6ev6zgyd.onion/bible/cryptocurrencies/converting/</link>
    <description>Recent content in Converting on DNM Bible</description>
    <generator>Hugo -- gohugo.io</generator>
    <language>en-us</language>
    
	<atom:link href="http://biblemeowimkh3utujmhm6oh2oeb3ubjw2lpgeq3lahrfr2l6ev6zgyd.onion/bible/cryptocurrencies/converting/index.xml" rel="self" type="application/rss+xml" />
    
    
    <item>
      <title>Litecoin to Monero/Bitcoin</title>
      <link>http://biblemeowimkh3utujmhm6oh2oeb3ubjw2lpgeq3lahrfr2l6ev6zgyd.onion/bible/cryptocurrencies/converting/litecoin_to_monero/</link>
      <pubDate>Mon, 01 Jan 0001 00:00:00 +0000</pubDate>
      
      <guid>http://biblemeowimkh3utujmhm6oh2oeb3ubjw2lpgeq3lahrfr2l6ev6zgyd.onion/bible/cryptocurrencies/converting/litecoin_to_monero/</guid>
      <description>Litecoin to Monero/Bitcoin Like it was mentioned before the fees that come with bitcoin have gotten higher and higher. Litecoin is a very similar coin to Bitcoin that you can start with and convert to Monero (recommended) and save yourself some money on the fees.
Remember everything with Litecoin is also public, and can be tracked back to you. If you start with Litecoin you should always be converting to XMR.</description>
    </item>
    
    <item>
      <title>Bitcoin to Monero/Litecoin</title>
      <link>http://biblemeowimkh3utujmhm6oh2oeb3ubjw2lpgeq3lahrfr2l6ev6zgyd.onion/bible/cryptocurrencies/converting/bitcoin_to_monero/</link>
      <pubDate>Mon, 01 Jan 0001 00:00:00 +0000</pubDate>
      
      <guid>http://biblemeowimkh3utujmhm6oh2oeb3ubjw2lpgeq3lahrfr2l6ev6zgyd.onion/bible/cryptocurrencies/converting/bitcoin_to_monero/</guid>
      <description>Bitcoin to Monero/Litecoin This chapter is going to focus on converting your current Bitcoin to Monero or Litecoin.
Everything with Bitcoin can be viewed on the blockchain. If you started with Bitcoin that could be tied to your identity, or you want to convert your Bitcoin to Monero (recommended) start here.
How you bought your coins does not matter when you follow this path to break the chain to your identity: For our example here we are going to use Elude and Kilos.</description>
    </item>
    
    <item>
      <title>Monero to Bitcoin/Litecoin</title>
      <link>http://biblemeowimkh3utujmhm6oh2oeb3ubjw2lpgeq3lahrfr2l6ev6zgyd.onion/bible/cryptocurrencies/converting/monero_to_bitcoin/</link>
      <pubDate>Mon, 01 Jan 0001 00:00:00 +0000</pubDate>
      
      <guid>http://biblemeowimkh3utujmhm6oh2oeb3ubjw2lpgeq3lahrfr2l6ev6zgyd.onion/bible/cryptocurrencies/converting/monero_to_bitcoin/</guid>
      <description>Monero to Bitcoin/Litecoin Some vendors, or services do not accept Monero. If this is the case you will need to convert your coins to Bitcoin. Again once you have converted a few times you might want to try using a script to convert. More about scripts can be found on /d/Monero .
Note: This chapter used to be written around using XMR.to, they have decided to shutdown. This chapter will now focus on using Elude and Kilos to also convert your coins back to bitcoin/Litecoin.</description>
    </item>
    
    <item>
      <title>Crypto Closing Words</title>
      <link>http://biblemeowimkh3utujmhm6oh2oeb3ubjw2lpgeq3lahrfr2l6ev6zgyd.onion/bible/cryptocurrencies/converting/crypto_closing_words/</link>
      <pubDate>Mon, 01 Jan 0001 00:00:00 +0000</pubDate>
      
      <guid>http://biblemeowimkh3utujmhm6oh2oeb3ubjw2lpgeq3lahrfr2l6ev6zgyd.onion/bible/cryptocurrencies/converting/crypto_closing_words/</guid>
      <description>Crypto Closing Words In short this is the path you will follow. XMR Wallet-&amp;gt;XMR.to-&amp;gt;Bitcoin wallet-&amp;gt;Market
Note: After you convert make sure you use a new wallet that has not ever been tied to your identity. Wallets that send coins to markets can be labeled as “hot” you don’t want the two wallets to ever interact.
If you started with Bitcoin, and need to pay in bitcoin here is an example of the path you follow: BTC Exchange-&amp;gt; BTC Wallet 1 -&amp;gt; Convert to XMR -&amp;gt; XMR Wallet-&amp;gt; Pay for your goods.</description>
    </item>
    
  </channel>
</rss>