<?xml version="1.0" encoding="utf-8" standalone="yes"?>
<rss version="2.0" xmlns:atom="http://www.w3.org/2005/Atom">
  <channel>
    <title>Alternative communication methods on DNM Bible</title>
    <link>http://biblemeowimkh3utujmhm6oh2oeb3ubjw2lpgeq3lahrfr2l6ev6zgyd.onion/bible/communication-methods/</link>
    <description>Recent content in Alternative communication methods on DNM Bible</description>
    <generator>Hugo -- gohugo.io</generator>
    <language>en-us</language>
    
	<atom:link href="http://biblemeowimkh3utujmhm6oh2oeb3ubjw2lpgeq3lahrfr2l6ev6zgyd.onion/bible/communication-methods/index.xml" rel="self" type="application/rss+xml" />
    
    
    <item>
      <title>Email</title>
      <link>http://biblemeowimkh3utujmhm6oh2oeb3ubjw2lpgeq3lahrfr2l6ev6zgyd.onion/bible/communication-methods/email/</link>
      <pubDate>Mon, 01 Jan 0001 00:00:00 +0000</pubDate>
      
      <guid>http://biblemeowimkh3utujmhm6oh2oeb3ubjw2lpgeq3lahrfr2l6ev6zgyd.onion/bible/communication-methods/email/</guid>
      <description>Email Note: Email providers, especially those run by anonymous people (as most .onion email providers are), can go offline at any time. This happened a lot in the past and will happen in the future too. So make sure you always back up the emails you want to keep and do not have important accounts tied to these email addresses (e.g. 2FA for a valuable Bitcoin trading account).  In order to use email securely to communicate you have to pay attention to the following points:</description>
    </item>
    
  </channel>
</rss>